{
    "Con": {
        "precision": 0.5,
        "recall": 0.6666666666666666,
        "f1-score": 0.5714285714285714,
        "support": 3.0
    },
    "Pro": {
        "precision": 0.9375,
        "recall": 0.8823529411764706,
        "f1-score": 0.9090909090909091,
        "support": 17.0
    },
    "accuracy": 0.85,
    "macro avg": {
        "precision": 0.71875,
        "recall": 0.7745098039215685,
        "f1-score": 0.7402597402597402,
        "support": 20.0
    },
    "weighted avg": {
        "precision": 0.871875,
        "recall": 0.85,
        "f1-score": 0.8584415584415584,
        "support": 20.0
    }
}